strona,linia,numer faktury
1,1,F/M09/0001895/05/25
1,2,13344/07/2025/UL
1,3,19194/07/2025/UP
1,4,F/00520/07/25/M1
1,5,F/069847/25
1,6,F25-07-0093
1,7,FV/UP/1459/25
1,8,100/07/2025
1,9,23989/MAG/07/2025
1,10,76/S/7/2025
1,11,F 4641K2/7096/25
1,12,F/01053/07/25/M1
1,13,F108284/2025
1,14,235/A-O/07/2025
1,15,90/S/7/2025
1,16,F/01513/07/25/M1
1,17,FS 16/07/2025
1,18,FS 20/MCZ/07/2025
1,19,00045/RBWT/2025
1,20,2025/07/330/A
1,21,F 6842K2/4569/25
1,22,FA/164/07/2025
1,23,FV/40/PL/2507
1,24,176/S/7/2025
1,25,298/7/2025
1,26,F/M02/0000435/07/25
1,27,F/M09/0000504/07/25
1,28,FV/24/2025/07
1,29,F 9039K1/4594/25
1,30,F/02651/07/25/M1
1,31,F/03114/07/25/M1
1,32,2010/00719/090725/02
1,33,3294/MAG/2025
1,34,3332/MAG/2025
1,35,1110/07/25
1,36,F 10666K3/4569/25
2,37,FA/459/07/2025
2,38,125192B01006366
2,39,PL5838177/F
2,40,1019/07/2025/WS
2,41,F/05114/07/25/M1
2,42,F/M09/0001043/07/25
2,43,FA/537/07/2025
2,44,FS 108/MCZ/07/2025
2,45,00164/STU/2025
2,46,05/07/2025
2,47,19320/8025/2025
2,48,3451/MAG/2025
2,49,7069/2025
2,50,87/07/2025
2,51,/05654/07/25/M1
2,52,F/M04/0000889/07/25
2,53,F/M05/0000902/07/25
2,54,2541/2025
2,55,3471/MAG/2025
2,56,3472/MAG/2025
2,57,F/06214/07/25/M1
2,58,F/M05/0001008/07/25
2,59,3516/MAG/2025
2,60,/06755/07/25/M1
2,61,FS-27669/25
2,62,W442907
2,63,15638/25/137
2,64,FAE/004405/2025
2,65,FS 8304/07/2025
2,66,F/07747/07/25/M1
2,67,F/M09/0001401/07/25
2,68,0042/07/2025
2,69,3639/MAG/2025
2,70,F/08398/07/25/M1
2,71,278/7/2025
2,72,F 2186K1/4569/25
3,73,F/08876/07/25/M1
3,74,FV/2025/7/2513/AW
3,75,48027/K/07/2025
3,76,F/09356/07/25/M1
3,77,3703/MAG/2025
3,78,42472/NM2/07/2025
3,79,F/10503/07/25/M1
3,80,F/M05/00001494/07/25
3,81,F/M09/0001776/07/25
3,82,FA/1053/07/2025
3,83,3796/MAG/2025
3,84,3797/MAG/2025
3,85,F 5901K2/4007/25
3,86,F/11003/07/25/M1
3,87,6464/CZE/07/2025
3,88,F/11678/07/25/M1
3,89,F/M04/0001603/07/25
3,90,00068/07/25
3,91,F/12108/07/25/M1
3,92,F/980/2025
3,93,FS 115/07/2025
3,94,FS-34930/SPPL/07/2025
3,95,00698625070350100
3,96,492/S/7/2025
3,97,791/S/7/2025
3,98,03584/07/2025/WOL
3,99,00053/RBWT/2025
3,100,13453/08/2025/UL
3,101,19113/25
3,102,19578/08/2025/UP
3,103,F/00295/08/25/M1
3,104,PL5887934/F
3,105,32/08/2025
3,106,F/M04/0000080/08/25
3,107,108/S/8/2025
3,108,234/8/2025/B
4,109,40/2025
4,110,F 3576k2/7792/25
4,111,/01545/08/25/M1
4,112,2010/001202/060825/01
4,113,6/08/2025
4,114,F/02034/08/25/M1
4,115,FS 8134/08/2025
4,116,F/02647/08/25/M1
4,117,F/M04/0000180/08/25
4,118,F/03557/08/25/M1
4,119,F/M05/0000291/08/25
4,120,F/M09/0001 192/08/25
4,121,309/S/8/2025
4,122,96705889
4,123,/04139/08/25/M1
4,124,F/M04/0000352/08/25
4,125,FA/410/08/2025
4,126,M018498/2025
4,127,201/08/2025
4,128,397760
4,129,4016/ALL/2025
4,130,F/041652/25
4,131,F/04674/08/25/M1
4,132,FS-384/08/2025
4,133,8232/2025
4,134,PL5921497/F
4,135,F 11258K2/1353/25
4,136,F 9112K1/1353/25
4,137,/05633/08/25/M1
4,138,F/M09/0001419/08/25
4,139,F25-08-1257
4,140,00192/STU/2025
4,141,F/06255/08/25/M1
4,142,FA/687/08/2025
4,143,222812
4,144,370/A-O/08/2025
5,145,549/S/8/2025
5,146,FV/UP/1841/25
5,147,L014634/2025
5,148,1952
5,149,F 13043k3/4569/25
5,150,7325/08/2025
5,151,/08392/08/25/M1
5,152,F/M02/0001071/08/25
5,153,£/m09/0001544/08/25
5,154,668/S/8/2025
5,155,F/08929/08/25/M1
5,156,F/09494/08/25/M1
5,157,FV/2025/8/34
5,158,L015026/2025
5,159,2010/0081/280825/85
5,160,4339/MAG/2025
5,161,F/10140/08/25/M1
5,162,6008/08/25/PTV
5,163,F/10451/08/25/M1
5,164,F/M04/0001488/08/25
5,165,94/08
5,166,F/1828/08/2025
5,167,y dla sprzedaży wyłącznie
